ZONEID,TIMESTAMP,POWER
1,20140601 01:00,0.068525641025641
1,20140601 02:00,0.0671153846153846
1,20140601 03:00,0.0473076923076923
1,20140601 04:00,0.0304487179487179
1,20140601 05:00,0.0532692307692308
1,20140601 06:00,0.135833333333333
1,20140601 07:00,0.0481410256410256
1,20140601 08:00,0.000128205128205128
1,20140601 09:00,0
1,20140601 10:00,0
1,20140601 11:00,0
1,20140601 12:00,0
1,20140601 13:00,0
1,20140601 14:00,0
1,20140601 15:00,0
1,20140601 16:00,0
1,20140601 17:00,0
1,20140601 18:00,0
1,20140601 19:00,0
1,20140601 20:00,0
1,20140601 21:00,6.41025641025641e-05
1,20140601 22:00,0.0091025641025641
1,20140601 23:00,0.0633333333333333
1,20140602 00:00,0.0844871794871795
1,20140602 01:00,0.056025641025641
1,20140602 02:00,0.0871794871794872
1,20140602 03:00,0.180576923076923
1,20140602 04:00,0.466217948717949
1,20140602 05:00,0.145128205128205
1,20140602 06:00,0.166346153846154
1,20140602 07:00,0.0348717948717949
1,20140602 08:00,0.000192307692307692
1,20140602 09:00,0
1,20140602 10:00,0
1,20140602 11:00,0
1,20140602 12:00,0
1,20140602 13:00,0
1,20140602 14:00,0
1,20140602 15:00,0
1,20140602 16:00,0
1,20140602 17:00,0
1,20140602 18:00,0
1,20140602 19:00,0
1,20140602 20:00,0
1,20140602 21:00,6.41025641025641e-05
1,20140602 22:00,0.00826923076923077
1,20140602 23:00,0.0463461538461538
1,20140603 00:00,0.135320512820513
1,20140603 01:00,0.162307692307692
1,20140603 02:00,0.0824358974358974
1,20140603 03:00,0.118333333333333
1,20140603 04:00,0.160064102564103
1,20140603 05:00,0.148205128205128
1,20140603 06:00,0.110064102564103
1,20140603 07:00,0.0151923076923077
1,20140603 08:00,0.000128205128205128
1,20140603 09:00,0
1,20140603 10:00,0
1,20140603 11:00,0
1,20140603 12:00,0
1,20140603 13:00,0
1,20140603 14:00,0
1,20140603 15:00,0
1,20140603 16:00,0
1,20140603 17:00,0
1,20140603 18:00,0
1,20140603 19:00,0
1,20140603 20:00,0
1,20140603 21:00,6.41025641025641e-05
1,20140603 22:00,0.00570512820512821
1,20140603 23:00,0.028974358974359
1,20140604 00:00,0.0632051282051282
1,20140604 01:00,0.118974358974359
1,20140604 02:00,0.140128205128205
1,20140604 03:00,0.228974358974359
1,20140604 04:00,0.297884615384615
1,20140604 05:00,0.339358974358974
1,20140604 06:00,0.146346153846154
1,20140604 07:00,0.0281410256410256
1,20140604 08:00,0.000256410256410256
1,20140604 09:00,0
1,20140604 10:00,0
1,20140604 11:00,0
1,20140604 12:00,0
1,20140604 13:00,0
1,20140604 14:00,0
1,20140604 15:00,0
1,20140604 16:00,0
1,20140604 17:00,0
1,20140604 18:00,0
1,20140604 19:00,0
1,20140604 20:00,0
1,20140604 21:00,6.41025641025641e-05
1,20140604 22:00,0.00955128205128205
1,20140604 23:00,0.0639102564102564
1,20140605 00:00,0.0966666666666667
1,20140605 01:00,0.334358974358974
1,20140605 02:00,0.696602564102564
1,20140605 03:00,0.305064102564103
1,20140605 04:00,0.248076923076923
1,20140605 05:00,0.149871794871795
1,20140605 06:00,0.0707051282051282
1,20140605 07:00,0.0186538461538462
1,20140605 08:00,0.000256410256410256
1,20140605 09:00,0
1,20140605 10:00,0
1,20140605 11:00,0
1,20140605 12:00,0
1,20140605 13:00,0
1,20140605 14:00,0
1,20140605 15:00,0
1,20140605 16:00,0
1,20140605 17:00,0
1,20140605 18:00,0
1,20140605 19:00,0
1,20140605 20:00,0
1,20140605 21:00,6.41025641025641e-05
1,20140605 22:00,0.0186538461538462
1,20140605 23:00,0.0576923076923077
1,20140606 00:00,0.284038461538462
1,20140606 01:00,0.37474358974359
1,20140606 02:00,0.518974358974359
1,20140606 03:00,0.49525641025641
1,20140606 04:00,0.373461538461538
1,20140606 05:00,0.366602564102564
1,20140606 06:00,0.145576923076923
1,20140606 07:00,0.0184615384615385
1,20140606 08:00,0.000256410256410256
1,20140606 09:00,0
1,20140606 10:00,0
1,20140606 11:00,0
1,20140606 12:00,0
1,20140606 13:00,0
1,20140606 14:00,0
1,20140606 15:00,0
1,20140606 16:00,0
1,20140606 17:00,0
1,20140606 18:00,0
1,20140606 19:00,0
1,20140606 20:00,0
1,20140606 21:00,0.000128205128205128
1,20140606 22:00,0.0169230769230769
1,20140606 23:00,0.0780128205128205
1,20140607 00:00,0.603461538461538
1,20140607 01:00,0.670961538461538
1,20140607 02:00,0.684871794871795
1,20140607 03:00,0.623717948717949
1,20140607 04:00,0.517115384615385
1,20140607 05:00,0.35724358974359
1,20140607 06:00,0.158076923076923
1,20140607 07:00,0.0212179487179487
1,20140607 08:00,0.000256410256410256
1,20140607 09:00,0
1,20140607 10:00,0
1,20140607 11:00,0
1,20140607 12:00,0
1,20140607 13:00,0
1,20140607 14:00,0
1,20140607 15:00,0
1,20140607 16:00,0
1,20140607 17:00,0
1,20140607 18:00,0
1,20140607 19:00,0
1,20140607 20:00,0
1,20140607 21:00,0.000128205128205128
1,20140607 22:00,0.0192948717948718
1,20140607 23:00,0.0798076923076923
1,20140608 00:00,0.622564102564103
1,20140608 01:00,0.695128205128205
1,20140608 02:00,0.735128205128205
1,20140608 03:00,0.670833333333333
1,20140608 04:00,0.549230769230769
1,20140608 05:00,0.377051282051282
1,20140608 06:00,0.165128205128205
1,20140608 07:00,0.018974358974359
1,20140608 08:00,0.000256410256410256
1,20140608 09:00,0
1,20140608 10:00,0
1,20140608 11:00,0
1,20140608 12:00,0
1,20140608 13:00,0
1,20140608 14:00,0
1,20140608 15:00,0
1,20140608 16:00,0
1,20140608 17:00,0
1,20140608 18:00,0
1,20140608 19:00,0
1,20140608 20:00,0
1,20140608 21:00,0.000128205128205128
1,20140608 22:00,0.0182051282051282
1,20140608 23:00,0.0687179487179487
1,20140609 00:00,0.473782051282051
1,20140609 01:00,0.247435897435897
1,20140609 02:00,0.284038461538462
1,20140609 03:00,0.374038461538462
1,20140609 04:00,0.197051282051282
1,20140609 05:00,0.140320512820513
1,20140609 06:00,0.0576282051282051
1,20140609 07:00,0.0164102564102564
1,20140609 08:00,0.000192307692307692
1,20140609 09:00,0
1,20140609 10:00,0
1,20140609 11:00,0
1,20140609 12:00,0
1,20140609 13:00,0
1,20140609 14:00,0
1,20140609 15:00,0
1,20140609 16:00,0
1,20140609 17:00,0
1,20140609 18:00,0
1,20140609 19:00,0
1,20140609 20:00,0
1,20140609 21:00,0.000128205128205128
1,20140609 22:00,0.0162179487179487
1,20140609 23:00,0.0666666666666667
1,20140610 00:00,0.515769230769231
1,20140610 01:00,0.400833333333333
1,20140610 02:00,0.344102564102564
1,20140610 03:00,0.273461538461538
1,20140610 04:00,0.155448717948718
1,20140610 05:00,0.162051282051282
1,20140610 06:00,0.0988461538461538
1,20140610 07:00,0.0171794871794872
1,20140610 08:00,0.000192307692307692
1,20140610 09:00,0
1,20140610 10:00,0
1,20140610 11:00,0
1,20140610 12:00,0
1,20140610 13:00,0
1,20140610 14:00,0
1,20140610 15:00,0
1,20140610 16:00,0
1,20140610 17:00,0
1,20140610 18:00,0
1,20140610 19:00,0
1,20140610 20:00,0
1,20140610 21:00,6.41025641025641e-05
1,20140610 22:00,0.00923076923076923
1,20140610 23:00,0.0653846153846154
1,20140611 00:00,0.151858974358974
1,20140611 01:00,0.259358974358974
1,20140611 02:00,0.449166666666667
1,20140611 03:00,0.153076923076923
1,20140611 04:00,0.341858974358974
1,20140611 05:00,0.218397435897436
1,20140611 06:00,0.178333333333333
1,20140611 07:00,0.0212820512820513
1,20140611 08:00,0.000192307692307692
1,20140611 09:00,0
1,20140611 10:00,0
1,20140611 11:00,0
1,20140611 12:00,0
1,20140611 13:00,0
1,20140611 14:00,0
1,20140611 15:00,0
1,20140611 16:00,0
1,20140611 17:00,0
1,20140611 18:00,0
1,20140611 19:00,0
1,20140611 20:00,0
1,20140611 21:00,0.000128205128205128
1,20140611 22:00,0.0135897435897436
1,20140611 23:00,0.104423076923077
1,20140612 00:00,0.475448717948718
1,20140612 01:00,0.546538461538462
1,20140612 02:00,0.503397435897436
1,20140612 03:00,0.389038461538461
1,20140612 04:00,0.221474358974359
1,20140612 05:00,0.265064102564103
1,20140612 06:00,0.141858974358974
1,20140612 07:00,0.0262179487179487
1,20140612 08:00,0.000320512820512821
1,20140612 09:00,0
1,20140612 10:00,0
1,20140612 11:00,0
1,20140612 12:00,0
1,20140612 13:00,0
1,20140612 14:00,0
1,20140612 15:00,0
1,20140612 16:00,0
1,20140612 17:00,0
1,20140612 18:00,0
1,20140612 19:00,0
1,20140612 20:00,0
1,20140612 21:00,6.41025641025641e-05
1,20140612 22:00,0.00967948717948718
1,20140612 23:00,0.0726923076923077
1,20140613 00:00,0.145576923076923
1,20140613 01:00,0.0808974358974359
1,20140613 02:00,0.085448717948718
1,20140613 03:00,0.0871794871794872
1,20140613 04:00,0.0786538461538462
1,20140613 05:00,0.0557051282051282
1,20140613 06:00,0.0235897435897436
1,20140613 07:00,0.00737179487179487
1,20140613 08:00,6.41025641025641e-05
1,20140613 09:00,0
1,20140613 10:00,0
1,20140613 11:00,0
1,20140613 12:00,0
1,20140613 13:00,0
1,20140613 14:00,0
1,20140613 15:00,0
1,20140613 16:00,0
1,20140613 17:00,0
1,20140613 18:00,0
1,20140613 19:00,0
1,20140613 20:00,0
1,20140613 21:00,0
1,20140613 22:00,0.0140384615384615
1,20140613 23:00,0.0422435897435898
1,20140614 00:00,0.310769230769231
1,20140614 01:00,0.6375
1,20140614 02:00,0.459551282051282
1,20140614 03:00,0.531794871794872
1,20140614 04:00,0.533461538461539
1,20140614 05:00,0.322371794871795
1,20140614 06:00,0.115448717948718
1,20140614 07:00,0.00814102564102564
1,20140614 08:00,0.000128205128205128
1,20140614 09:00,0
1,20140614 10:00,0
1,20140614 11:00,0
1,20140614 12:00,0
1,20140614 13:00,0
1,20140614 14:00,0
1,20140614 15:00,0
1,20140614 16:00,0
1,20140614 17:00,0
1,20140614 18:00,0
1,20140614 19:00,0
1,20140614 20:00,0
1,20140614 21:00,0
1,20140614 22:00,0.005
1,20140614 23:00,0.102435897435897
1,20140615 00:00,0.124871794871795
1,20140615 01:00,0.111730769230769
1,20140615 02:00,0.37
1,20140615 03:00,0.674423076923077
1,20140615 04:00,0.479871794871795
1,20140615 05:00,0.297820512820513
1,20140615 06:00,0.160833333333333
1,20140615 07:00,0.0236538461538462
1,20140615 08:00,0.000320512820512821
1,20140615 09:00,0
1,20140615 10:00,0
1,20140615 11:00,0
1,20140615 12:00,0
1,20140615 13:00,0
1,20140615 14:00,0
1,20140615 15:00,0
1,20140615 16:00,0
1,20140615 17:00,0
1,20140615 18:00,0
1,20140615 19:00,0
1,20140615 20:00,0
1,20140615 21:00,6.41025641025641e-05
1,20140615 22:00,0.00519230769230769
1,20140615 23:00,0.0483974358974359
1,20140616 00:00,0.103589743589744
1,20140616 01:00,0.525961538461538
1,20140616 02:00,0.730192307692308
1,20140616 03:00,0.662820512820513
1,20140616 04:00,0.515705128205128
1,20140616 05:00,0.374615384615385
1,20140616 06:00,0.164935897435897
1,20140616 07:00,0.018525641025641
1,20140616 08:00,0.000256410256410256
1,20140616 09:00,0
1,20140616 10:00,0
1,20140616 11:00,0
1,20140616 12:00,0
1,20140616 13:00,0
1,20140616 14:00,0
1,20140616 15:00,0
1,20140616 16:00,0
1,20140616 17:00,0
1,20140616 18:00,0
1,20140616 19:00,0
1,20140616 20:00,0
1,20140616 21:00,0.000128205128205128
1,20140616 22:00,0.0142307692307692
1,20140616 23:00,0.0475641025641026
1,20140617 00:00,0.577692307692308
1,20140617 01:00,0.575833333333333
1,20140617 02:00,0.664294871794872
1,20140617 03:00,0.385384615384615
1,20140617 04:00,0.280641025641026
1,20140617 05:00,0.23551282051282
1,20140617 06:00,0.155448717948718
1,20140617 07:00,0.0208974358974359
1,20140617 08:00,0.000320512820512821
1,20140617 09:00,0
1,20140617 10:00,0
1,20140617 11:00,0
1,20140617 12:00,0
1,20140617 13:00,0
1,20140617 14:00,0
1,20140617 15:00,0
1,20140617 16:00,0
1,20140617 17:00,0
1,20140617 18:00,0
1,20140617 19:00,0
1,20140617 20:00,0
1,20140617 21:00,6.41025641025641e-05
1,20140617 22:00,0.00935897435897436
1,20140617 23:00,0.0593589743589744
1,20140618 00:00,0.122948717948718
1,20140618 01:00,0.233653846153846
1,20140618 02:00,0.533269230769231
1,20140618 03:00,0.636025641025641
1,20140618 04:00,0.530576923076923
1,20140618 05:00,0.368910256410256
1,20140618 06:00,0.164230769230769
1,20140618 07:00,0.0199358974358974
1,20140618 08:00,0.000320512820512821
1,20140618 09:00,0
1,20140618 10:00,0
1,20140618 11:00,0
1,20140618 12:00,0
1,20140618 13:00,0
1,20140618 14:00,0
1,20140618 15:00,0
1,20140618 16:00,0
1,20140618 17:00,0
1,20140618 18:00,0
1,20140618 19:00,0
1,20140618 20:00,0
1,20140618 21:00,6.41025641025641e-05
1,20140618 22:00,0.00705128205128205
1,20140618 23:00,0.0389102564102564
1,20140619 00:00,0.0806410256410256
1,20140619 01:00,0.138205128205128
1,20140619 02:00,0.19775641025641
1,20140619 03:00,0.591025641025641
1,20140619 04:00,0.456538461538462
1,20140619 05:00,0.30474358974359
1,20140619 06:00,0.0917948717948718
1,20140619 07:00,0.0362820512820513
1,20140619 08:00,0.000128205128205128
1,20140619 09:00,0
1,20140619 10:00,0
1,20140619 11:00,0
1,20140619 12:00,0
1,20140619 13:00,0
1,20140619 14:00,0
1,20140619 15:00,0
1,20140619 16:00,0
1,20140619 17:00,0
1,20140619 18:00,0
1,20140619 19:00,0
1,20140619 20:00,0
1,20140619 21:00,6.41025641025641e-05
1,20140619 22:00,0.0148076923076923
1,20140619 23:00,0.0477564102564103
1,20140620 00:00,0.553269230769231
1,20140620 01:00,0.574935897435897
1,20140620 02:00,0.658589743589744
1,20140620 03:00,0.389230769230769
1,20140620 04:00,0.341089743589744
1,20140620 05:00,0.367371794871795
1,20140620 06:00,0.0709615384615385
1,20140620 07:00,0.0194871794871795
1,20140620 08:00,0.000192307692307692
1,20140620 09:00,0
1,20140620 10:00,0
1,20140620 11:00,0
1,20140620 12:00,0
1,20140620 13:00,0
1,20140620 14:00,0
1,20140620 15:00,0
1,20140620 16:00,0
1,20140620 17:00,0
1,20140620 18:00,0
1,20140620 19:00,0
1,20140620 20:00,0
1,20140620 21:00,6.41025641025641e-05
1,20140620 22:00,0.0191025641025641
1,20140620 23:00,0.107371794871795
1,20140621 00:00,0.557307692307692
1,20140621 01:00,0.649294871794872
1,20140621 02:00,0.692179487179487
1,20140621 03:00,0.38
1,20140621 04:00,0.510961538461538
1,20140621 05:00,0.341666666666667
1,20140621 06:00,0.138910256410256
1,20140621 07:00,0.0252564102564103
1,20140621 08:00,0.000192307692307692
1,20140621 09:00,0
1,20140621 10:00,0
1,20140621 11:00,0
1,20140621 12:00,0
1,20140621 13:00,0
1,20140621 14:00,0
1,20140621 15:00,0
1,20140621 16:00,0
1,20140621 17:00,0
1,20140621 18:00,0
1,20140621 19:00,0
1,20140621 20:00,0
1,20140621 21:00,6.41025641025641e-05
1,20140621 22:00,0.0143589743589744
1,20140621 23:00,0.0449358974358974
1,20140622 00:00,0.560384615384615
1,20140622 01:00,0.646730769230769
1,20140622 02:00,0.676089743589744
1,20140622 03:00,0.6225
1,20140622 04:00,0.517371794871795
1,20140622 05:00,0.361794871794872
1,20140622 06:00,0.163653846153846
1,20140622 07:00,0.0182692307692308
1,20140622 08:00,0.000384615384615385
1,20140622 09:00,0
1,20140622 10:00,0
1,20140622 11:00,0
1,20140622 12:00,0
1,20140622 13:00,0
1,20140622 14:00,0
1,20140622 15:00,0
1,20140622 16:00,0
1,20140622 17:00,0
1,20140622 18:00,0
1,20140622 19:00,0
1,20140622 20:00,0
1,20140622 21:00,0
1,20140622 22:00,0.00974358974358974
1,20140622 23:00,0.111217948717949
1,20140623 00:00,0.169487179487179
1,20140623 01:00,0.101410256410256
1,20140623 02:00,0.0887820512820513
1,20140623 03:00,0.0909615384615385
1,20140623 04:00,0.0437820512820513
1,20140623 05:00,0.0325
1,20140623 06:00,0.00871794871794872
1,20140623 07:00,0.0025
1,20140623 08:00,6.41025641025641e-05
1,20140623 09:00,0
1,20140623 10:00,0
1,20140623 11:00,0
1,20140623 12:00,0
1,20140623 13:00,0
1,20140623 14:00,0
1,20140623 15:00,0
1,20140623 16:00,0
1,20140623 17:00,0
1,20140623 18:00,0
1,20140623 19:00,0
1,20140623 20:00,0
1,20140623 21:00,0
1,20140623 22:00,0.00782051282051282
1,20140623 23:00,0.0392307692307692
1,20140624 00:00,0.185769230769231
1,20140624 01:00,0.264871794871795
1,20140624 02:00,0.0994230769230769
1,20140624 03:00,0.0982692307692308
1,20140624 04:00,0.0719871794871795
1,20140624 05:00,0.0639102564102564
1,20140624 06:00,0.0244871794871795
1,20140624 07:00,0.016474358974359
1,20140624 08:00,0.000192307692307692
1,20140624 09:00,0
1,20140624 10:00,0
1,20140624 11:00,0
1,20140624 12:00,0
1,20140624 13:00,0
1,20140624 14:00,0
1,20140624 15:00,0
1,20140624 16:00,0
1,20140624 17:00,0
1,20140624 18:00,0
1,20140624 19:00,0
1,20140624 20:00,0
1,20140624 21:00,6.41025641025641e-05
1,20140624 22:00,0.0128846153846154
1,20140624 23:00,0.0708333333333333
1,20140625 00:00,0.551987179487179
1,20140625 01:00,0.658782051282051
1,20140625 02:00,0.478525641025641
1,20140625 03:00,0.224871794871795
1,20140625 04:00,0.174102564102564
1,20140625 05:00,0.124679487179487
1,20140625 06:00,0.0416666666666667
1,20140625 07:00,0.0112820512820513
1,20140625 08:00,0.000256410256410256
1,20140625 09:00,0
1,20140625 10:00,0
1,20140625 11:00,0
1,20140625 12:00,0
1,20140625 13:00,0
1,20140625 14:00,0
1,20140625 15:00,0
1,20140625 16:00,0
1,20140625 17:00,0
1,20140625 18:00,0
1,20140625 19:00,0
1,20140625 20:00,0
1,20140625 21:00,6.41025641025641e-05
1,20140625 22:00,0.0253205128205128
1,20140625 23:00,0.0735897435897436
1,20140626 00:00,0.473846153846154
1,20140626 01:00,0.368205128205128
1,20140626 02:00,0.45525641025641
1,20140626 03:00,0.371089743589744
1,20140626 04:00,0.183782051282051
1,20140626 05:00,0.114358974358974
1,20140626 06:00,0.0715384615384615
1,20140626 07:00,0.0163461538461538
1,20140626 08:00,0.000320512820512821
1,20140626 09:00,0
1,20140626 10:00,0
1,20140626 11:00,0
1,20140626 12:00,0
1,20140626 13:00,0
1,20140626 14:00,0
1,20140626 15:00,0
1,20140626 16:00,0
1,20140626 17:00,0
1,20140626 18:00,0
1,20140626 19:00,0
1,20140626 20:00,0
1,20140626 21:00,6.41025641025641e-05
1,20140626 22:00,0.0101282051282051
1,20140626 23:00,0.0307051282051282
1,20140627 00:00,0.142628205128205
1,20140627 01:00,0.184358974358974
1,20140627 02:00,0.168589743589744
1,20140627 03:00,0.309230769230769
1,20140627 04:00,0.298461538461539
1,20140627 05:00,0.248012820512821
1,20140627 06:00,0.110833333333333
1,20140627 07:00,0.0193589743589744
1,20140627 08:00,0.000192307692307692
1,20140627 09:00,0
1,20140627 10:00,0
1,20140627 11:00,0
1,20140627 12:00,0
1,20140627 13:00,0
1,20140627 14:00,0
1,20140627 15:00,0
1,20140627 16:00,0
1,20140627 17:00,0
1,20140627 18:00,0
1,20140627 19:00,0
1,20140627 20:00,0
1,20140627 21:00,6.41025641025641e-05
1,20140627 22:00,0.0137820512820513
1,20140627 23:00,0.0470512820512821
1,20140628 00:00,0.552307692307692
1,20140628 01:00,0.49
1,20140628 02:00,0.0517307692307692
1,20140628 03:00,0.0707051282051282
1,20140628 04:00,0.0432051282051282
1,20140628 05:00,0.0388461538461538
1,20140628 06:00,0.0218589743589744
1,20140628 07:00,0.01
1,20140628 08:00,6.41025641025641e-05
1,20140628 09:00,0
1,20140628 10:00,0
1,20140628 11:00,0
1,20140628 12:00,0
1,20140628 13:00,0
1,20140628 14:00,0
1,20140628 15:00,0
1,20140628 16:00,0
1,20140628 17:00,0
1,20140628 18:00,0
1,20140628 19:00,0
1,20140628 20:00,0
1,20140628 21:00,0
1,20140628 22:00,0.000641025641025641
1,20140628 23:00,0.00897435897435897
1,20140629 00:00,0.0201282051282051
1,20140629 01:00,0.0657692307692308
1,20140629 02:00,0.0771794871794872
1,20140629 03:00,0.0876282051282051
1,20140629 04:00,0.0756410256410256
1,20140629 05:00,0.0607051282051282
1,20140629 06:00,0.0458333333333333
1,20140629 07:00,0.00974358974358974
1,20140629 08:00,0.000192307692307692
1,20140629 09:00,0
1,20140629 10:00,0
1,20140629 11:00,0
1,20140629 12:00,0
1,20140629 13:00,0
1,20140629 14:00,0
1,20140629 15:00,0
1,20140629 16:00,0
1,20140629 17:00,0
1,20140629 18:00,0
1,20140629 19:00,0
1,20140629 20:00,0
1,20140629 21:00,6.41025641025641e-05
1,20140629 22:00,0.0140384615384615
1,20140629 23:00,0.0442307692307692
1,20140630 00:00,0.583141025641026
1,20140630 01:00,0.687435897435898
1,20140630 02:00,0.732820512820513
1,20140630 03:00,0.676217948717949
1,20140630 04:00,0.525769230769231
1,20140630 05:00,0.259294871794872
1,20140630 06:00,0.16448717948718
1,20140630 07:00,0.0219230769230769
1,20140630 08:00,0.000192307692307692
1,20140630 09:00,0
1,20140630 10:00,0
1,20140630 11:00,0
1,20140630 12:00,0
1,20140630 13:00,0
1,20140630 14:00,0
1,20140630 15:00,0
1,20140630 16:00,0
1,20140630 17:00,0
1,20140630 18:00,0
1,20140630 19:00,0
1,20140630 20:00,0
1,20140630 21:00,6.41025641025641e-05
1,20140630 22:00,0.0138461538461538
1,20140630 23:00,0.0437179487179487
1,20140701 00:00,0.565897435897436
2,20140601 01:00,0.091336032388664
2,20140601 02:00,0.0746153846153846
2,20140601 03:00,0.0565991902834008
2,20140601 04:00,0.0398785425101215
2,20140601 05:00,0.0636234817813765
2,20140601 06:00,0.191842105263158
2,20140601 07:00,0.0715789473684211
2,20140601 08:00,4.04858299595142e-05
2,20140601 09:00,0
2,20140601 10:00,0
2,20140601 11:00,0
2,20140601 12:00,0
2,20140601 13:00,0
2,20140601 14:00,0
2,20140601 15:00,0
2,20140601 16:00,0
2,20140601 17:00,0
2,20140601 18:00,0
2,20140601 19:00,0
2,20140601 20:00,0
2,20140601 21:00,2.02429149797571e-05
2,20140601 22:00,0.0117408906882591
2,20140601 23:00,0.066417004048583
2,20140602 00:00,0.164757085020243
2,20140602 01:00,0.118198380566802
2,20140602 02:00,0.135
2,20140602 03:00,0.213461538461538
2,20140602 04:00,0.22914979757085
2,20140602 05:00,0.211336032388664
2,20140602 06:00,0.370344129554656
2,20140602 07:00,0.0512145748987854
2,20140602 08:00,6.07287449392713e-05
2,20140602 09:00,0
2,20140602 10:00,0
2,20140602 11:00,0
2,20140602 12:00,0
2,20140602 13:00,0
2,20140602 14:00,0
2,20140602 15:00,0
2,20140602 16:00,0
2,20140602 17:00,0
2,20140602 18:00,0
2,20140602 19:00,0
2,20140602 20:00,0
2,20140602 21:00,4.04858299595142e-05
2,20140602 22:00,0.0139676113360324
2,20140602 23:00,0.095587044534413
2,20140603 00:00,0.118866396761134
2,20140603 01:00,0.0851214574898785
2,20140603 02:00,0.325485829959514
2,20140603 03:00,0.687165991902834
2,20140603 04:00,0.737267206477733
2,20140603 05:00,0.542955465587045
2,20140603 06:00,0.28912955465587
2,20140603 07:00,0.0712348178137652
2,20140603 08:00,0.000202429149797571
2,20140603 09:00,0
2,20140603 10:00,0
2,20140603 11:00,0
2,20140603 12:00,0
2,20140603 13:00,0
2,20140603 14:00,0
2,20140603 15:00,0
2,20140603 16:00,0
2,20140603 17:00,0
2,20140603 18:00,0
2,20140603 19:00,0
2,20140603 20:00,0
2,20140603 21:00,2.02429149797571e-05
2,20140603 22:00,0.00597165991902834
2,20140603 23:00,0.0398178137651822
2,20140604 00:00,0.0815182186234818
2,20140604 01:00,0.130789473684211
2,20140604 02:00,0.230607287449393
2,20140604 03:00,0.334392712550607
2,20140604 04:00,0.581174089068826
2,20140604 05:00,0.585404858299595
2,20140604 06:00,0.363603238866397
2,20140604 07:00,0.0271862348178138
2,20140604 08:00,4.04858299595142e-05
2,20140604 09:00,0
2,20140604 10:00,0
2,20140604 11:00,0
2,20140604 12:00,0
2,20140604 13:00,0
2,20140604 14:00,0
2,20140604 15:00,0
2,20140604 16:00,0
2,20140604 17:00,0
2,20140604 18:00,0
2,20140604 19:00,0
2,20140604 20:00,0
2,20140604 21:00,2.02429149797571e-05
2,20140604 22:00,0.0128137651821862
2,20140604 23:00,0.0536437246963563
2,20140605 00:00,0.101153846153846
2,20140605 01:00,0.158522267206478
2,20140605 02:00,0.467732793522267
2,20140605 03:00,0.462307692307692
2,20140605 04:00,0.278906882591093
2,20140605 05:00,0.262550607287449
2,20140605 06:00,0.0947570850202429
2,20140605 07:00,0.0182388663967611
2,20140605 08:00,2.02429149797571e-05
2,20140605 09:00,0
2,20140605 10:00,0
2,20140605 11:00,0
2,20140605 12:00,0
2,20140605 13:00,0
2,20140605 14:00,0
2,20140605 15:00,0
2,20140605 16:00,0
2,20140605 17:00,0
2,20140605 18:00,0
2,20140605 19:00,0
2,20140605 20:00,0
2,20140605 21:00,2.02429149797571e-05
2,20140605 22:00,0.0125303643724696
2,20140605 23:00,0.219433198380567
2,20140606 00:00,0.44334008097166
2,20140606 01:00,0.461194331983806
2,20140606 02:00,0.383238866396761
2,20140606 03:00,0.435141700404858
2,20140606 04:00,0.661740890688259
2,20140606 05:00,0.434676113360324
2,20140606 06:00,0.442955465587045
2,20140606 07:00,0.0953036437246964
2,20140606 08:00,4.04858299595142e-05
2,20140606 09:00,0
2,20140606 10:00,0
2,20140606 11:00,0
2,20140606 12:00,0
2,20140606 13:00,0
2,20140606 14:00,0
2,20140606 15:00,0
2,20140606 16:00,0
2,20140606 17:00,0
2,20140606 18:00,0
2,20140606 19:00,0
2,20140606 20:00,0
2,20140606 21:00,6.07287449392713e-05
2,20140606 22:00,0.0218218623481781
2,20140606 23:00,0.176214574898785
2,20140607 00:00,0.380485829959514
2,20140607 01:00,0.536477732793522
2,20140607 02:00,0.638502024291498
2,20140607 03:00,0.674251012145749
2,20140607 04:00,0.659473684210526
2,20140607 05:00,0.580242914979757
2,20140607 06:00,0.43080971659919
2,20140607 07:00,0.0842307692307692
2,20140607 08:00,8.09716599190283e-05
2,20140607 09:00,0
2,20140607 10:00,0
2,20140607 11:00,0
2,20140607 12:00,0
2,20140607 13:00,0
2,20140607 14:00,0
2,20140607 15:00,0
2,20140607 16:00,0
2,20140607 17:00,0
2,20140607 18:00,0
2,20140607 19:00,0
2,20140607 20:00,0
2,20140607 21:00,4.04858299595142e-05
2,20140607 22:00,0.0212753036437247
2,20140607 23:00,0.169919028340081
2,20140608 00:00,0.383603238866397
2,20140608 01:00,0.558097165991903
2,20140608 02:00,0.669068825910931
2,20140608 03:00,0.714554655870445
2,20140608 04:00,0.701518218623482
2,20140608 05:00,0.621012145748988
2,20140608 06:00,0.454615384615385
2,20140608 07:00,0.111518218623482
2,20140608 08:00,8.09716599190283e-05
2,20140608 09:00,0
2,20140608 10:00,0
2,20140608 11:00,0
2,20140608 12:00,0
2,20140608 13:00,0
2,20140608 14:00,0
2,20140608 15:00,0
2,20140608 16:00,0
2,20140608 17:00,0
2,20140608 18:00,0
2,20140608 19:00,0
2,20140608 20:00,0
2,20140608 21:00,2.02429149797571e-05
2,20140608 22:00,0.0162550607287449
2,20140608 23:00,0.160789473684211
2,20140609 00:00,0.408036437246964
2,20140609 01:00,0.532024291497976
2,20140609 02:00,0.57080971659919
2,20140609 03:00,0.202651821862348
2,20140609 04:00,0.401720647773279
2,20140609 05:00,0.134048582995951
2,20140609 06:00,0.0774898785425101
2,20140609 07:00,0.024919028340081
2,20140609 08:00,4.04858299595142e-05
2,20140609 09:00,0
2,20140609 10:00,0
2,20140609 11:00,0
2,20140609 12:00,0
2,20140609 13:00,0
2,20140609 14:00,0
2,20140609 15:00,0
2,20140609 16:00,0
2,20140609 17:00,0
2,20140609 18:00,0
2,20140609 19:00,0
2,20140609 20:00,0
2,20140609 21:00,4.04858299595142e-05
2,20140609 22:00,0.0180769230769231
2,20140609 23:00,0.164109311740891
2,20140610 00:00,0.320141700404858
2,20140610 01:00,0.246376518218623
2,20140610 02:00,0.302894736842105
2,20140610 03:00,0.282793522267206
2,20140610 04:00,0.327773279352227
2,20140610 05:00,0.223056680161943
2,20140610 06:00,0.117591093117409
2,20140610 07:00,0.0563765182186235
2,20140610 08:00,4.04858299595142e-05
2,20140610 09:00,0
2,20140610 10:00,0
2,20140610 11:00,0
2,20140610 12:00,0
2,20140610 13:00,0
2,20140610 14:00,0
2,20140610 15:00,0
2,20140610 16:00,0
2,20140610 17:00,0
2,20140610 18:00,0
2,20140610 19:00,0
2,20140610 20:00,0
2,20140610 21:00,2.02429149797571e-05
2,20140610 22:00,0.00888663967611336
2,20140610 23:00,0.0617206477732793
2,20140611 00:00,0.154817813765182
2,20140611 01:00,0.246376518218623
2,20140611 02:00,0.250931174089069
2,20140611 03:00,0.21748987854251
2,20140611 04:00,0.335951417004049
2,20140611 05:00,0.166720647773279
2,20140611 06:00,0.385647773279352
2,20140611 07:00,0.0563765182186235
2,20140611 08:00,4.04858299595142e-05
2,20140611 09:00,0
2,20140611 10:00,0
2,20140611 11:00,0
2,20140611 12:00,0
2,20140611 13:00,0
2,20140611 14:00,0
2,20140611 15:00,0
2,20140611 16:00,0
2,20140611 17:00,0
2,20140611 18:00,0
2,20140611 19:00,0
2,20140611 20:00,0
2,20140611 21:00,2.02429149797571e-05
2,20140611 22:00,0.00888663967611336
2,20140611 23:00,0.0617206477732793
2,20140612 00:00,0.154817813765182
2,20140612 01:00,0.246376518218623
2,20140612 02:00,0.250931174089069
2,20140612 03:00,0.21748987854251
2,20140612 04:00,0.335951417004049
2,20140612 05:00,0.166720647773279
2,20140612 06:00,0.385647773279352
2,20140612 07:00,0.0563765182186235
2,20140612 08:00,4.04858299595142e-05
2,20140612 09:00,0
2,20140612 10:00,0
2,20140612 11:00,0
2,20140612 12:00,0
2,20140612 13:00,0
2,20140612 14:00,0
2,20140612 15:00,0
2,20140612 16:00,0
2,20140612 17:00,0
2,20140612 18:00,0
2,20140612 19:00,0
2,20140612 20:00,0
2,20140612 21:00,2.02429149797571e-05
2,20140612 22:00,0.00888663967611336
2,20140612 23:00,0.0617206477732793
2,20140613 00:00,0.154817813765182
2,20140613 01:00,0.246376518218623
2,20140613 02:00,0.250931174089069
2,20140613 03:00,0.21748987854251
2,20140613 04:00,0.335951417004049
2,20140613 05:00,0.166720647773279
2,20140613 06:00,0.385647773279352
2,20140613 07:00,0.0563765182186235
2,20140613 08:00,4.04858299595142e-05
2,20140613 09:00,0
2,20140613 10:00,0
2,20140613 11:00,0
2,20140613 12:00,0
2,20140613 13:00,0
2,20140613 14:00,0
2,20140613 15:00,0
2,20140613 16:00,0
2,20140613 17:00,0
2,20140613 18:00,0
2,20140613 19:00,0
2,20140613 20:00,0
2,20140613 21:00,2.02429149797571e-05
2,20140613 22:00,0.00888663967611336
2,20140613 23:00,0.0617206477732793
2,20140614 00:00,0.154817813765182
2,20140614 01:00,0.246376518218623
2,20140614 02:00,0.250931174089069
2,20140614 03:00,0.21748987854251
2,20140614 04:00,0.335951417004049
2,20140614 05:00,0.166720647773279
2,20140614 06:00,0.385647773279352
2,20140614 07:00,0.0563765182186235
2,20140614 08:00,4.04858299595142e-05
2,20140614 09:00,0
2,20140614 10:00,0
2,20140614 11:00,0
2,20140614 12:00,0
2,20140614 13:00,0
2,20140614 14:00,0
2,20140614 15:00,0
2,20140614 16:00,0
2,20140614 17:00,0
2,20140614 18:00,0
2,20140614 19:00,0
2,20140614 20:00,0
2,20140614 21:00,2.02429149797571e-05
2,20140614 22:00,0.00888663967611336
2,20140614 23:00,0.0617206477732793
2,20140615 00:00,0.154817813765182
2,20140615 01:00,0.246376518218623
2,20140615 02:00,0.250931174089069
2,20140615 03:00,0.21748987854251
2,20140615 04:00,0.335951417004049
2,20140615 05:00,0.166720647773279
2,20140615 06:00,0.385647773279352
2,20140615 07:00,0.0563765182186235
2,20140615 08:00,4.04858299595142e-05
2,20140615 09:00,0
2,20140615 10:00,0
2,20140615 11:00,0
2,20140615 12:00,0
2,20140615 13:00,0
2,20140615 14:00,0
2,20140615 15:00,0
2,20140615 16:00,0
2,20140615 17:00,0
2,20140615 18:00,0
2,20140615 19:00,0
2,20140615 20:00,0
2,20140615 21:00,2.02429149797571e-05
2,20140615 22:00,0.00888663967611336
2,20140615 23:00,0.0617206477732793
2,20140616 00:00,0.154817813765182
2,20140616 01:00,0.246376518218623
2,20140616 02:00,0.250931174089069
2,20140616 03:00,0.21748987854251
2,20140616 04:00,0.335951417004049
2,20140616 05:00,0.166720647773279
2,20140616 06:00,0.385647773279352
2,20140616 07:00,0.0563765182186235
2,20140616 08:00,4.04858299595142e-05
2,20140616 09:00,0
2,20140616 10:00,0
2,20140616 11:00,0
2,20140616 12:00,0
2,20140616 13:00,0
2,20140616 14:00,0
2,20140616 15:00,0
2,20140616 16:00,0
2,20140616 17:00,0
2,20140616 18:00,0
2,20140616 19:00,0
2,20140616 20:00,0
2,20140616 21:00,2.02429149797571e-05
2,20140616 22:00,0.00888663967611336
2,20140616 23:00,0.0617206477732793
2,20140617 00:00,0.154817813765182
2,20140617 01:00,0.246376518218623
2,20140617 02:00,0.250931174089069
2,20140617 03:00,0.21748987854251
2,20140617 04:00,0.335951417004049
2,20140617 05:00,0.166720647773279
2,20140617 06:00,0.385647773279352
2,20140617 07:00,0.0372672064777328
2,20140617 08:00,8.09716599190283e-05
2,20140617 09:00,0
2,20140617 10:00,0
2,20140617 11:00,0
2,20140617 12:00,0
2,20140617 13:00,0
2,20140617 14:00,0
2,20140617 15:00,0
2,20140617 16:00,0
2,20140617 17:00,0
2,20140617 18:00,0
2,20140617 19:00,0
2,20140617 20:00,0
2,20140617 21:00,4.04858299595142e-05
2,20140617 22:00,0.0162550607287449
2,20140617 23:00,0.162024291497976
2,20140618 00:00,0.376214574898785
2,20140618 01:00,0.539554655870445
2,20140618 02:00,0.635060728744939
2,20140618 03:00,0.678380566801619
2,20140618 04:00,0.673400809716599
2,20140618 05:00,0.592024291497976
2,20140618 06:00,0.43836032388664
2,20140618 07:00,0.109230769230769
2,20140618 08:00,0.0001417004048583
2,20140618 09:00,0
2,20140618 10:00,0
2,20140618 11:00,0
2,20140618 12:00,0
2,20140618 13:00,0
2,20140618 14:00,0
2,20140618 15:00,0
2,20140618 16:00,0
2,20140618 17:00,0
2,20140618 18:00,0
2,20140618 19:00,0
2,20140618 20:00,0
2,20140618 21:00,4.04858299595142e-05
2,20140618 22:00,0.0100202429149798
2,20140618 23:00,0.0536234817813765
2,20140619 00:00,0.0811740890688259
2,20140619 01:00,0.158380566801619
2,20140619 02:00,0.208380566801619
2,20140619 03:00,0.400121457489879
2,20140619 04:00,0.706417004048583
2,20140619 05:00,0.499777327935223
2,20140619 06:00,0.171983805668016
2,20140619 07:00,0.0805060728744939
2,20140619 08:00,4.04858299595142e-05
2,20140619 09:00,0
2,20140619 10:00,0
2,20140619 11:00,0
2,20140619 12:00,0
2,20140619 13:00,0
2,20140619 14:00,0
2,20140619 15:00,0
2,20140619 16:00,0
2,20140619 17:00,0
2,20140619 18:00,0
2,20140619 19:00,0
2,20140619 20:00,0
2,20140619 21:00,2.02429149797571e-05
2,20140619 22:00,0.014251012145749
2,20140619 23:00,0.151477732793522
2,20140620 00:00,0.355364372469636
2,20140620 01:00,0.349878542510121
2,20140620 02:00,0.404028340080972
2,20140620 03:00,0.565910931174089
2,20140620 04:00,0.344797570850202
2,20140620 05:00,0.154574898785425
2,20140620 06:00,0.110546558704453
2,20140620 07:00,0.0661538461538462
2,20140620 08:00,8.09716599190283e-05
2,20140620 09:00,0
2,20140620 10:00,0
2,20140620 11:00,0
2,20140620 12:00,0
2,20140620 13:00,0
2,20140620 14:00,0
2,20140620 15:00,0
2,20140620 16:00,0
2,20140620 17:00,0
2,20140620 18:00,0
2,20140620 19:00,0
2,20140620 20:00,0
2,20140620 21:00,4.04858299595142e-05
2,20140620 22:00,0.0178137651821862
2,20140620 23:00,0.15085020242915
2,20140621 00:00,0.35836032388664
2,20140621 01:00,0.517145748987854
2,20140621 02:00,0.508846153846154
2,20140621 03:00,0.512570850202429
2,20140621 04:00,0.700404858299595
2,20140621 05:00,0.574696356275304
2,20140621 06:00,0.12836032388664
2,20140621 07:00,0.0256477732793522
2,20140621 08:00,6.07287449392713e-05
2,20140621 09:00,0
2,20140621 10:00,0
2,20140621 11:00,0
2,20140621 12:00,0
2,20140621 13:00,0
2,20140621 14:00,0
2,20140621 15:00,0
2,20140621 16:00,0
2,20140621 17:00,0
2,20140621 18:00,0
2,20140621 19:00,0
2,20140621 20:00,0
2,20140621 21:00,2.02429149797571e-05
2,20140621 22:00,0.0145951417004049
2,20140621 23:00,0.139838056680162
2,20140622 00:00,0.357591093117409
2,20140622 01:00,0.521943319838057
2,20140622 02:00,0.619068825910931
2,20140622 03:00,0.658947368421053
2,20140622 04:00,0.644514170040486
2,20140622 05:00,0.573603238866397
2,20140622 06:00,0.426255060728745
2,20140622 07:00,0.0740283400809717
2,20140622 08:00,6.07287449392713e-05
2,20140622 09:00,0
2,20140622 10:00,0
2,20140622 11:00,0
2,20140622 12:00,0
2,20140622 13:00,0
2,20140622 14:00,0
2,20140622 15:00,0
2,20140622 16:00,0
2,20140622 17:00,0
2,20140622 18:00,0
2,20140622 19:00,0
2,20140622 20:00,0
2,20140622 21:00,0
2,20140622 22:00,0.0146761133603239
2,20140622 23:00,0.084331983805668
2,20140623 00:00,0.103886639676113
2,20140623 01:00,0.0748178137651822
2,20140623 02:00,0.0909514170040486
2,20140623 03:00,0.110587044534413
2,20140623 04:00,0.0795546558704453
2,20140623 05:00,0.0438663967611336
2,20140623 06:00,0.00744939271255061
2,20140623 07:00,0.00188259109311741
2,20140623 08:00,4.04858299595142e-05
2,20140623 09:00,0
2,20140623 10:00,0
2,20140623 11:00,0
2,20140623 12:00,0
2,20140623 13:00,0
2,20140623 14:00,0
2,20140623 15:00,0
2,20140623 16:00,0
2,20140623 17:00,0
2,20140623 18:00,0
2,20140623 19:00,0
2,20140623 20:00,0
2,20140623 21:00,0
2,20140623 22:00,0.00597165991902834
2,20140623 23:00,0.0386842105263158
2,20140624 00:00,0.0525506072874494
2,20140624 01:00,0.117024291497976
2,20140624 02:00,0.122935222672065
2,20140624 03:00,0.0973279352226721
2,20140624 04:00,0.09917004048583
2,20140624 05:00,0.0658906882591093
2,20140624 06:00,0.032834008097166
2,20140624 07:00,0.027004048582996
2,20140624 08:00,0.000161943319838057
2,20140624 09:00,0
2,20140624 10:00,0
2,20140624 11:00,0
2,20140624 12:00,0
2,20140624 13:00,0
2,20140624 14:00,0
2,20140624 15:00,0
2,20140624 16:00,0
2,20140624 17:00,0
2,20140624 18:00,0
2,20140624 19:00,0
2,20140624 20:00,0
2,20140624 21:00,2.02429149797571e-05
2,20140624 22:00,0.012085020242915
2,20140624 23:00,0.148927125506073
2,20140625 00:00,0.369919028340081
2,20140625 01:00,0.552692307692308
2,20140625 02:00,0.610303643724696
2,20140625 03:00,0.507935222672065
2,20140625 04:00,0.376882591093117
2,20140625 05:00,0.336417004048583
2,20140625 06:00,0.183663967611336
2,20140625 07:00,0.0173886639676113
2,20140625 08:00,8.09716599190283e-05
2,20140625 09:00,0
2,20140625 10:00,0
2,20140625 11:00,0
2,20140625 12:00,0
2,20140625 13:00,0
2,20140625 14:00,0
2,20140625 15:00,0
2,20140625 16:00,0
2,20140625 17:00,0
2,20140625 18:00,0
2,20140625 19:00,0
2,20140625 20:00,0
2,20140625 21:00,2.02429149797571e-05
2,20140625 22:00,0.0112753036437247
2,20140625 23:00,0.14914979757085
2,20140626 00:00,0.368663967611336
2,20140626 01:00,0.549493927125506
2,20140626 02:00,0.667550607287449
2,20140626 03:00,0.715748987854251
2,20140626 04:00,0.489291497975708
2,20140626 05:00,0.1882995951417
2,20140626 06:00,0.0652429149797571
2,20140626 07:00,0.0297165991902834
2,20140626 08:00,6.07287449392713e-05
2,20140626 09:00,0
2,20140626 10:00,0
2,20140626 11:00,0
2,20140626 12:00,0
2,20140626 13:00,0
2,20140626 14:00,0
2,20140626 15:00,0
2,20140626 16:00,0
2,20140626 17:00,0
2,20140626 18:00,0
2,20140626 19:00,0
2,20140626 20:00,0
2,20140626 21:00,0
2,20140626 22:00,0.00827935222672065
2,20140626 23:00,0.0309716599190283
2,20140627 00:00,0.158684210526316
2,20140627 01:00,0.209331983805668
2,20140627 02:00,0.222064777327935
2,20140627 03:00,0.465303643724696
2,20140627 04:00,0.438178137651822
2,20140627 05:00,0.346072874493927
2,20140627 06:00,0.380323886639676
2,20140627 07:00,0.0488461538461539
2,20140627 08:00,6.07287449392713e-05
2,20140627 09:00,0
2,20140627 10:00,0
2,20140627 11:00,0
2,20140627 12:00,0
2,20140627 13:00,0
2,20140627 14:00,0
2,20140627 15:00,0
2,20140627 16:00,0
2,20140627 17:00,0
2,20140627 18:00,0
2,20140627 19:00,0
2,20140627 20:00,0
2,20140627 21:00,0
2,20140627 22:00,0.0126315789473684
2,20140627 23:00,0.146740890688259
2,20140628 00:00,0.358157894736842
2,20140628 01:00,0.302651821862348
2,20140628 02:00,0.0623076923076923
2,20140628 03:00,0.0787651821862348
2,20140628 04:00,0.0561943319838057
2,20140628 05:00,0.0405668016194332
2,20140628 06:00,0.0280161943319838
2,20140628 07:00,0.0260931174089069
2,20140628 08:00,2.02429149797571e-05
2,20140628 09:00,0
2,20140628 10:00,0
2,20140628 11:00,0
2,20140628 12:00,0
2,20140628 13:00,0
2,20140628 14:00,0
2,20140628 15:00,0
2,20140628 16:00,0
2,20140628 17:00,0
2,20140628 18:00,0
2,20140628 19:00,0
2,20140628 20:00,0
2,20140628 21:00,2.02429149797571e-05
2,20140628 22:00,0.0034412955465587
2,20140628 23:00,0.0458704453441296
2,20140629 00:00,0.11751012145749
2,20140629 01:00,0.259797570850202
2,20140629 02:00,0.316457489878542
2,20140629 03:00,0.334089068825911
2,20140629 04:00,0.268421052631579
2,20140629 05:00,0.12746963562753
2,20140629 06:00,0.0554858299595142
2,20140629 07:00,0.0154655870445344
2,20140629 08:00,0.000161943319838057
2,20140629 09:00,0
2,20140629 10:00,0
2,20140629 11:00,0
2,20140629 12:00,0
2,20140629 13:00,0
2,20140629 14:00,0
2,20140629 15:00,0
2,20140629 16:00,0
2,20140629 17:00,0
2,20140629 18:00,0
2,20140629 19:00,0
2,20140629 20:00,0
2,20140629 21:00,2.02429149797571e-05
2,20140629 22:00,0.0160121457489879
2,20140629 23:00,0.156315789473684
2,20140630 00:00,0.371477732793522
2,20140630 01:00,0.54334008097166
2,20140630 02:00,0.656740890688259
2,20140630 03:00,0.708967611336032
2,20140630 04:00,0.572692307692308
2,20140630 05:00,0.392995951417004
2,20140630 06:00,0.223663967611336
2,20140630 07:00,0.0634210526315789
2,20140630 08:00,0.000101214574898785
2,20140630 09:00,0
2,20140630 10:00,0
2,20140630 11:00,0
2,20140630 12:00,0
2,20140630 13:00,0
2,20140630 14:00,0
2,20140630 15:00,0
2,20140630 16:00,0
2,20140630 17:00,0
2,20140630 18:00,0
2,20140630 19:00,0
2,20140630 20:00,0
2,20140630 21:00,4.04858299595142e-05
2,20140630 22:00,0.0151417004048583
2,20140630 23:00,0.16080971659919
2,20140701 00:00,0.370404858299595
3,20140601 01:00,0.082275
3,20140601 02:00,0.043325
3,20140601 03:00,0.073925
3,20140601 04:00,0.060325
3,20140601 05:00,0.051475
3,20140601 06:00,0.05855
3,20140601 07:00,0.078375
3,20140601 08:00,0.000175
3,20140601 09:00,0
3,20140601 10:00,0
3,20140601 11:00,0
3,20140601 12:00,0
3,20140601 13:00,0
3,20140601 14:00,0
3,20140601 15:00,0
3,20140601 16:00,0
3,20140601 17:00,0
3,20140601 18:00,0
3,20140601 19:00,0
3,20140601 20:00,0
3,20140601 21:00,5e-05
3,20140601 22:00,0.0167
3,20140601 23:00,0.090525
3,20140602 00:00,0.139
3,20140602 01:00,0.2515
3,20140602 02:00,0.347975
3,20140602 03:00,0.16195
3,20140602 04:00,0.19935
3,20140602 05:00,0.0929
3,20140602 06:00,0.08585
3,20140602 07:00,0.028525
3,20140602 08:00,0.000125
3,20140602 09:00,0
3,20140602 10:00,0
3,20140602 11:00,0
3,20140602 12:00,0
3,20140602 13:00,0
3,20140602 14:00,0
3,20140602 15:00,0
3,20140602 16:00,0
3,20140602 17:00,0
3,20140602 18:00,0
3,20140602 19:00,0
3,20140602 20:00,0
3,20140602 21:00,7.5e-05
3,20140602 22:00,0.018325
3,20140602 23:00,0.2291
3,20140603 00:00,0.153525
3,20140603 01:00,0.20485
3,20140603 02:00,0.2132
3,20140603 03:00,0.25535
3,20140603 04:00,0.1608
3,20140603 05:00,0.238675
3,20140603 06:00,0.13145
3,20140603 07:00,0.02555
3,20140603 08:00,0.000175
3,20140603 09:00,0
3,20140603 10:00,0
3,20140603 11:00,0
3,20140603 12:00,0
3,20140603 13:00,0
3,20140603 14:00,0
3,20140603 15:00,0
3,20140603 16:00,0
3,20140603 17:00,0
3,20140603 18:00,0
3,20140603 19:00,0
3,20140603 20:00,0
3,20140603 21:00,1e-04
3,20140603 22:00,0.01155
3,20140603 23:00,0.081725
3,20140604 00:00,0.2223
3,20140604 01:00,0.275025
3,20140604 02:00,0.319725
3,20140604 03:00,0.430775
3,20140604 04:00,0.529875
3,20140604 05:00,0.3801
3,20140604 06:00,0.185825
3,20140604 07:00,0.030475
3,20140604 08:00,0.000175
3,20140604 09:00,0
3,20140604 10:00,0
3,20140604 11:00,0
3,20140604 12:00,0
3,20140604 13:00,0
3,20140604 14:00,0
3,20140604 15:00,0
3,20140604 16:00,0
3,20140604 17:00,0
3,20140604 18:00,0
3,20140604 19:00,0
3,20140604 20:00,0
3,20140604 21:00,2.5e-05
3,20140604 22:00,0.01105
3,20140604 23:00,0.05225
3,20140605 00:00,0.119725
3,20140605 01:00,0.167125
3,20140605 02:00,0.276575
3,20140605 03:00,0.27485
3,20140605 04:00,0.241525
3,20140605 05:00,0.14405
3,20140605 06:00,0.1116
3,20140605 07:00,0.03625
3,20140605 08:00,2e-04
3,20140605 09:00,0
3,20140605 10:00,0
3,20140605 11:00,0
3,20140605 12:00,0
3,20140605 13:00,0
3,20140605 14:00,0
3,20140605 15:00,0
3,20140605 16:00,0
3,20140605 17:00,0
3,20140605 18:00,0
3,20140605 19:00,0
3,20140605 20:00,0
3,20140605 21:00,7.5e-05
3,20140605 22:00,0.070575
3,20140605 23:00,0.188475
3,20140606 00:00,0.18435
3,20140606 01:00,0.326375
3,20140606 02:00,0.55495
3,20140606 03:00,0.519
3,20140606 04:00,0.465775
3,20140606 05:00,0.4008
3,20140606 06:00,0.214975
3,20140606 07:00,0.032325
3,20140606 08:00,0.000175
3,20140606 09:00,0
3,20140606 10:00,0
3,20140606 11:00,0
3,20140606 12:00,0
3,20140606 13:00,0
3,20140606 14:00,0
3,20140606 15:00,0
3,20140606 16:00,0
3,20140606 17:00,0
3,20140606 18:00,0
3,20140606 19:00,0
3,20140606 20:00,0
3,20140606 21:00,0.000125
3,20140606 22:00,0.1142
3,20140606 23:00,0.43895
3,20140607 00:00,0.6001
3,20140607 01:00,0.6675
3,20140607 02:00,0.692975
3,20140607 03:00,0.650075
3,20140607 04:00,0.554275
3,20140607 05:00,0.403775
3,20140607 06:00,0.1913
3,20140607 07:00,0.026175
3,20140607 08:00,0.00015
3,20140607 09:00,0
3,20140607 10:00,0
3,20140607 11:00,0
3,20140607 12:00,0
3,20140607 13:00,0
3,20140607 14:00,0
3,20140607 15:00,0
3,20140607 16:00,0
3,20140607 17:00,0
3,20140607 18:00,0
3,20140607 19:00,0
3,20140607 20:00,0
3,20140607 21:00,7.5e-05
3,20140607 22:00,0.09375
3,20140607 23:00,0.43195
3,20140608 00:00,0.60115
3,20140608 01:00,0.6983
3,20140608 02:00,0.731575
3,20140608 03:00,0.690425
3,20140608 04:00,0.59055
3,20140608 05:00,0.428975
3,20140608 06:00,0.2182
3,20140608 07:00,0.032125
3,20140608 08:00,0.000175
3,20140608 09:00,0
3,20140608 10:00,0
3,20140608 11:00,0
3,20140608 12:00,0
3,20140608 13:00,0
3,20140608 14:00,0
3,20140608 15:00,0
3,20140608 16:00,0
3,20140608 17:00,0
3,20140608 18:00,0
3,20140608 19:00,0
3,20140608 20:00,0
3,20140608 21:00,7.5e-05
3,20140608 22:00,0.09305
3,20140608 23:00,0.414475
3,20140609 00:00,0.22315
3,20140609 01:00,0.260575
3,20140609 02:00,0.5634
3,20140609 03:00,0.3526
3,20140609 04:00,0.3874
3,20140609 05:00,0.259
3,20140609 06:00,0.1048
3,20140609 07:00,0.012925
3,20140609 08:00,0.000125
3,20140609 09:00,0
3,20140609 10:00,0
3,20140609 11:00,0
3,20140609 12:00,0
3,20140609 13:00,0
3,20140609 14:00,0
3,20140609 15:00,0
3,20140609 16:00,0
3,20140609 17:00,0
3,20140609 18:00,0
3,20140609 19:00,0
3,20140609 20:00,0
3,20140609 21:00,1e-04
3,20140609 22:00,0.085975
3,20140609 23:00,0.4107
3,20140610 00:00,0.3393
3,20140610 01:00,0.2629
3,20140610 02:00,0.23395
3,20140610 03:00,0.356025
3,20140610 04:00,0.397775
3,20140610 05:00,0.22385
3,20140610 06:00,0.085925
3,20140610 07:00,0.03325
3,20140610 08:00,2e-04
3,20140610 09:00,0
3,20140610 10:00,0
3,20140610 11:00,0
3,20140610 12:00,0
3,20140610 13:00,0
3,20140610 14:00,0
3,20140610 15:00,0
3,20140610 16:00,0
3,20140610 17:00,0
3,20140610 18:00,0
3,20140610 19:00,0
3,20140610 20:00,0
3,20140610 21:00,2.5e-05
3,20140610 22:00,0.01005
3,20140610 23:00,0.0767
3,20140611 00:00,0.16865
3,20140611 01:00,0.26835
3,20140611 02:00,0.26735
3,20140611 03:00,0.21455
3,20140611 04:00,0.218575
3,20140611 05:00,0.376475
3,20140611 06:00,0.205475
3,20140611 07:00,0.034625
3,20140611 08:00,0.000125
3,20140611 09:00,0
3,20140611 10:00,0
3,20140611 11:00,0
3,20140611 12:00,0
3,20140611 13:00,0
3,20140611 14:00,0
3,20140611 15:00,0
3,20140611 16:00,0
3,20140611 17:00,0
3,20140611 18:00,0
3,20140611 19:00,0
3,20140611 20:00,0
3,20140611 21:00,7.5e-05
3,20140611 22:00,0.022025
3,20140611 23:00,0.307475
3,20140612 00:00,0.432025
3,20140612 01:00,0.48775
3,20140612 02:00,0.436575
3,20140612 03:00,0.27465
3,20140612 04:00,0.1859
3,20140612 05:00,0.220425
3,20140612 06:00,0.1336
3,20140612 07:00,0.032375
3,20140612 08:00,0.000475
3,20140612 09:00,0
3,20140612 10:00,0
3,20140612 11:00,0
3,20140612 12:00,0
3,20140612 13:00,0
3,20140612 14:00,0
3,20140612 15:00,0
3,20140612 16:00,0
3,20140612 17:00,0
3,20140612 18:00,0
3,20140612 19:00,0
3,20140612 20:00,0
3,20140612 21:00,2.5e-05
3,20140612 22:00,0.010375
3,20140612 23:00,0.0811
3,20140613 00:00,0.28395
3,20140613 01:00,0.11665
3,20140613 02:00,0.0989
3,20140613 03:00,0.103375
3,20140613 04:00,0.130275
3,20140613 05:00,0.07875
3,20140613 06:00,0.0171
3,20140613 07:00,0.004175
3,20140613 08:00,2.5e-05
3,20140613 09:00,0
3,20140613 10:00,0
3,20140613 11:00,0
3,20140613 12:00,0
3,20140613 13:00,0
3,20140613 14:00,0
3,20140613 15:00,0
3,20140613 16:00,0
3,20140613 17:00,0
3,20140613 18:00,0
3,20140613 19:00,0
3,20140613 20:00,0
3,20140613 21:00,0
3,20140613 22:00,0.0461
3,20140613 23:00,0.1234
3,20140614 00:00,0.216325
3,20140614 01:00,0.57015
3,20140614 02:00,0.5791
3,20140614 03:00,0.423875
3,20140614 04:00,0.573375
3,20140614 05:00,0.078275
3,20140614 06:00,0.022825
3,20140614 07:00,0.0043
3,20140614 08:00,2.5e-05
3,20140614 09:00,0
3,20140614 10:00,0
3,20140614 11:00,0
3,20140614 12:00,0
3,20140614 13:00,0
3,20140614 14:00,0
3,20140614 15:00,0
3,20140614 16:00,0
3,20140614 17:00,0
3,20140614 18:00,0
3,20140614 19:00,0
3,20140614 20:00,0
3,20140614 21:00,0
3,20140614 22:00,0.000125
3,20140614 23:00,0.1234
3,20140615 00:00,0.15825
3,20140615 01:00,0.1962
3,20140615 02:00,0.298575
3,20140615 03:00,0.325425
3,20140615 04:00,0.4493
3,20140615 05:00,0.215175
3,20140615 06:00,0.206675
3,20140615 07:00,0.0345
3,20140615 08:00,0.000175
3,20140615 09:00,0
3,20140615 10:00,0
3,20140615 11:00,0
3,20140615 12:00,0
3,20140615 13:00,0
3,20140615 14:00,0
3,20140615 15:00,0
3,20140615 16:00,0
3,20140615 17:00,0
3,20140615 18:00,0
3,20140615 19:00,0
3,20140615 20:00,0
3,20140615 21:00,7.5e-05
3,20140615 22:00,0.0145
3,20140615 23:00,0.076
3,20140616 00:00,0.1549
3,20140616 01:00,0.2036
3,20140616 02:00,0.260975
3,20140616 03:00,0.596425
3,20140616 04:00,0.468575
3,20140616 05:00,0.391525
3,20140616 06:00,0.209275
3,20140616 07:00,0.0358
3,20140616 08:00,0.000125
3,20140616 09:00,0
3,20140616 10:00,0
3,20140616 11:00,0
3,20140616 12:00,0
3,20140616 13:00,0
3,20140616 14:00,0
3,20140616 15:00,0
3,20140616 16:00,0
3,20140616 17:00,0
3,20140616 18:00,0
3,20140616 19:00,0
3,20140616 20:00,0
3,20140616 21:00,5e-05
3,20140616 22:00,0.090125
3,20140616 23:00,0.403725
3,20140617 00:00,0.37295
3,20140617 01:00,0.335475
3,20140617 02:00,0.674275
3,20140617 03:00,0.63375
3,20140617 04:00,0.490175
3,20140617 05:00,0.357525
3,20140617 06:00,0.2123
3,20140617 07:00,0.0301
3,20140617 08:00,0.000175
3,20140617 09:00,0
3,20140617 10:00,0
3,20140617 11:00,0
3,20140617 12:00,0
3,20140617 13:00,0
3,20140617 14:00,0
3,20140617 15:00,0
3,20140617 16:00,0
3,20140617 17:00,0
3,20140617 18:00,0
3,20140617 19:00,0
3,20140617 20:00,0
3,20140617 21:00,7.5e-05
3,20140617 22:00,0.09345
3,20140617 23:00,0.419675
3,20140618 00:00,0.58045
3,20140618 01:00,0.6524
3,20140618 02:00,0.66245
3,20140618 03:00,0.630975
3,20140618 04:00,0.547
3,20140618 05:00,0.392725
3,20140618 06:00,0.209275
3,20140618 07:00,0.0312
3,20140618 08:00,2e-04
3,20140618 09:00,0
3,20140618 10:00,0
3,20140618 11:00,0
3,20140618 12:00,0
3,20140618 13:00,0
3,20140618 14:00,0
3,20140618 15:00,0
3,20140618 16:00,0
3,20140618 17:00,0
3,20140618 18:00,0
3,20140618 19:00,0
3,20140618 20:00,0
3,20140618 21:00,0.000125
3,20140618 22:00,0.088325
3,20140618 23:00,0.3386
3,20140619 00:00,0.462325
3,20140619 01:00,0.4971
3,20140619 02:00,0.565375
3,20140619 03:00,0.486175
3,20140619 04:00,0.491575
3,20140619 05:00,0.290825
3,20140619 06:00,0.134275
3,20140619 07:00,0.030175
3,20140619 08:00,5e-05
3,20140619 09:00,0
3,20140619 10:00,0
3,20140619 11:00,0
3,20140619 12:00,0
3,20140619 13:00,0
3,20140619 14:00,0
3,20140619 15:00,0
3,20140619 16:00,0
3,20140619 17:00,0
3,20140619 18:00,0
3,20140619 19:00,0
3,20140619 20:00,0
3,20140619 21:00,2.5e-05
3,20140619 22:00,0.0832
3,20140619 23:00,0.370675
3,20140620 00:00,0.4476
3,20140620 01:00,0.578325
3,20140620 02:00,0.597075
3,20140620 03:00,0.691
3,20140620 04:00,0.599425
3,20140620 05:00,0.397175
3,20140620 06:00,0.1887
3,20140620 07:00,0.018375
3,20140620 08:00,0.000175
3,20140620 09:00,0
3,20140620 10:00,0
3,20140620 11:00,0
3,20140620 12:00,0
3,20140620 13:00,0
3,20140620 14:00,0
3,20140620 15:00,0
3,20140620 16:00,0
3,20140620 17:00,0
3,20140620 18:00,0
3,20140620 19:00,0
3,20140620 20:00,0
3,20140620 21:00,5e-05
3,20140620 22:00,0.08405
3,20140620 23:00,0.391975
3,20140621 00:00,0.40115
3,20140621 01:00,0.29075
3,20140621 02:00,0.435425
3,20140621 03:00,0.607725
3,20140621 04:00,0.539875
3,20140621 05:00,0.17805
3,20140621 06:00,0.057275
3,20140621 07:00,0.0162
3,20140621 08:00,0.00015
3,20140621 09:00,0
3,20140621 10:00,0
3,20140621 11:00,0
3,20140621 12:00,0
3,20140621 13:00,0
3,20140621 14:00,0
3,20140621 15:00,0
3,20140621 16:00,0
3,20140621 17:00,0
3,20140621 18:00,0
3,20140621 19:00,0
3,20140621 20:00,0
3,20140621 21:00,2.5e-05
3,20140621 22:00,0.08085
3,20140621 23:00,0.400975
3,20140622 00:00,0.56085
3,20140622 01:00,0.651825
3,20140622 02:00,0.6525
3,20140622 03:00,0.623875
3,20140622 04:00,0.5365
3,20140622 05:00,0.371875
3,20140622 06:00,0.17185
3,20140622 07:00,0.029075
3,20140622 08:00,0.000175
3,20140622 09:00,0
3,20140622 10:00,0
3,20140622 11:00,0
3,20140622 12:00,0
3,20140622 13:00,0
3,20140622 14:00,0
3,20140622 15:00,0
3,20140622 16:00,0
3,20140622 17:00,0
3,20140622 18:00,0
3,20140622 19:00,0
3,20140622 20:00,0
3,20140622 21:00,0
3,20140622 22:00,0.0174
3,20140622 23:00,0.0634
3,20140623 00:00,0.102525
3,20140623 01:00,0.069125
3,20140623 02:00,0.11965
3,20140623 03:00,0.128775
3,20140623 04:00,0.09715
3,20140623 05:00,0.03575
3,20140623 06:00,0.0082
3,20140623 07:00,0.002275
3,20140623 08:00,2.5e-05
3,20140623 09:00,0
3,20140623 10:00,0
3,20140623 11:00,0
3,20140623 12:00,0
3,20140623 13:00,0
3,20140623 14:00,0
3,20140623 15:00,0
3,20140623 16:00,0
3,20140623 17:00,0
3,20140623 18:00,0
3,20140623 19:00,0
3,20140623 20:00,0
3,20140623 21:00,0
3,20140623 22:00,0.012825
3,20140623 23:00,0.04765
3,20140624 00:00,0.070525
3,20140624 01:00,0.140675
3,20140624 02:00,0.12725
3,20140624 03:00,0.121575
3,20140624 04:00,0.134875
3,20140624 05:00,0.067775
3,20140624 06:00,0.082775
3,20140624 07:00,0.017475
3,20140624 08:00,0.000175
3,20140624 09:00,0
3,20140624 10:00,0
3,20140624 11:00,0
3,20140624 12:00,0
3,20140624 13:00,0
3,20140624 14:00,0
3,20140624 15:00,0
3,20140624 16:00,0
3,20140624 17:00,0
3,20140624 18:00,0
3,20140624 19:00,0
3,20140624 20:00,0
3,20140624 21:00,2.5e-05
3,20140624 22:00,0.086125
3,20140624 23:00,0.19915
3,20140625 00:00,0.3068
3,20140625 01:00,0.615125
3,20140625 02:00,0.7281
3,20140625 03:00,0.5454
3,20140625 04:00,0.494
3,20140625 05:00,0.446025
3,20140625 06:00,0.1555
3,20140625 07:00,0.014575
3,20140625 08:00,2e-04
3,20140625 09:00,0
3,20140625 10:00,0
3,20140625 11:00,0
3,20140625 12:00,0
3,20140625 13:00,0
3,20140625 14:00,0
3,20140625 15:00,0
3,20140625 16:00,0
3,20140625 17:00,0
3,20140625 18:00,0
3,20140625 19:00,0
3,20140625 20:00,0
3,20140625 21:00,5e-05
3,20140625 22:00,0.06985
3,20140625 23:00,0.3947
3,20140626 00:00,0.587
3,20140626 01:00,0.681825
3,20140626 02:00,0.65345
3,20140626 03:00,0.574475
3,20140626 04:00,0.4914
3,20140626 05:00,0.18845
3,20140626 06:00,0.11365
3,20140626 07:00,0.0133
3,20140626 08:00,0.000175
3,20140626 09:00,0
3,20140626 10:00,0
3,20140626 11:00,0
3,20140626 12:00,0
3,20140626 13:00,0
3,20140626 14:00,0
3,20140626 15:00,0
3,20140626 16:00,0
3,20140626 17:00,0
3,20140626 18:00,0
3,20140626 19:00,0
3,20140626 20:00,0
3,20140626 21:00,2.5e-05
3,20140626 22:00,0.009275
3,20140626 23:00,0.064
3,20140627 00:00,0.11155
3,20140627 01:00,0.28575
3,20140627 02:00,0.396575
3,20140627 03:00,0.18385
3,20140627 04:00,0.1481
3,20140627 05:00,0.272
3,20140627 06:00,0.197675
3,20140627 07:00,0.033025
3,20140627 08:00,0.00015
3,20140627 09:00,0
3,20140627 10:00,0
3,20140627 11:00,0
3,20140627 12:00,0
3,20140627 13:00,0
3,20140627 14:00,0
3,20140627 15:00,0
3,20140627 16:00,0
3,20140627 17:00,0
3,20140627 18:00,0
3,20140627 19:00,0
3,20140627 20:00,0
3,20140627 21:00,2.5e-05
3,20140627 22:00,0.078525
3,20140627 23:00,0.3948
3,20140628 00:00,0.565875
3,20140628 01:00,0.3079
3,20140628 02:00,0.060275
3,20140628 03:00,0.0729
3,20140628 04:00,0.0543
3,20140628 05:00,0.03405
3,20140628 06:00,0.032025
3,20140628 07:00,0.014475
3,20140628 08:00,5e-05
3,20140628 09:00,0
3,20140628 10:00,0
3,20140628 11:00,0
3,20140628 12:00,0
3,20140628 13:00,0
3,20140628 14:00,0
3,20140628 15:00,0
3,20140628 16:00,0
3,20140628 17:00,0
3,20140628 18:00,0
3,20140628 19:00,0
3,20140628 20:00,0
3,20140628 21:00,2.5e-05
3,20140628 22:00,0.008975
3,20140628 23:00,0.0454
3,20140629 00:00,0.124275
3,20140629 01:00,0.282875
3,20140629 02:00,0.392125
3,20140629 03:00,0.533825
3,20140629 04:00,0.340225
3,20140629 05:00,0.34805
3,20140629 06:00,0.2344
3,20140629 07:00,0.0407
3,20140629 08:00,0.000175
3,20140629 09:00,0
3,20140629 10:00,0
3,20140629 11:00,0
3,20140629 12:00,0
3,20140629 13:00,0
3,20140629 14:00,0
3,20140629 15:00,0
3,20140629 16:00,0
3,20140629 17:00,0
3,20140629 18:00,0
3,20140629 19:00,0
3,20140629 20:00,0
3,20140629 21:00,2.5e-05
3,20140629 22:00,0.082825
3,20140629 23:00,0.414825
3,20140630 00:00,0.57095
3,20140630 01:00,0.65045
3,20140630 02:00,0.68055
3,20140630 03:00,0.6561
3,20140630 04:00,0.5677
3,20140630 05:00,0.37185
3,20140630 06:00,0.077475
3,20140630 07:00,0.024975
3,20140630 08:00,0.000175
3,20140630 09:00,0
3,20140630 10:00,0
3,20140630 11:00,0
3,20140630 12:00,0
3,20140630 13:00,0
3,20140630 14:00,0
3,20140630 15:00,0
3,20140630 16:00,0
3,20140630 17:00,0
3,20140630 18:00,0
3,20140630 19:00,0
3,20140630 20:00,0
3,20140630 21:00,2.5e-05
3,20140630 22:00,0.0849
3,20140630 23:00,0.40825
3,20140701 00:00,0.561675
